{
  "type": "glyphdata",
  "tutorid": "no_tutor",
  "tag": "no_tag",
  "version": "1.0.0",
  "time": "Aug 20, 2016 9:56:38 PM",
  "duration": 1116,
  "recognizer": "SHAPEREC_ALPHANUM",
  "constraint": "",
  "stim": "F",
  "resp": "F",
  "gBounds": [
    175.0,
    23.0,
    368.0,
    457.5
  ],
  "fBounds": [
    184.0,
    32.0,
    184.0,
    32.0
  ],
  "vBounds": [
    0,
    0,
    542,
    637
  ],
  "vOffset": [
    175.0,
    23.0
  ],
  "gBase": 439.0,
  "fBase": 430.0,
  "strokes": [
    {
      "time": 1471729921697,
      "duration": 600,
      "stroke": [
        9.0,
        9.0,
        0,
        9.0,
        9.0,
        32,
        9.0,
        9.0,
        34,
        9.0,
        9.0,
        17,
        9.0,
        9.0,
        16,
        6.650390625,
        25.09710693359375,
        17,
        4.6494140625,
        33.40203857421875,
        17,
        4.0,
        46.4271240234375,
        17,
        3.0,
        61.55255126953125,
        17,
        3.0,
        74.14837646484375,
        17,
        4.329833984375,
        90.96881103515625,
        17,
        5.0,
        114.2696533203125,
        17,
        6.0,
        143.72210693359375,
        17,
        4.638427734375,
        175.784912109375,
        17,
        5.0,
        207.2467041015625,
        17,
        6.337158203125,
        230.0457763671875,
        17,
        10.677490234375,
        249.38714599609375,
        17,
        13.3369140625,
        269.03155517578125,
        17,
        15.342041015625,
        288.42138671875,
        17,
        17.3544921875,
        308.54425048828125,
        17,
        19.3544921875,
        324.8358154296875,
        17,
        20.0,
        343.55047607421875,
        17,
        21.0,
        361.0787353515625,
        19,
        19.646728515625,
        379.1795654296875,
        15,
        17.649169921875,
        394.80615234375,
        17,
        18.0,
        403.65966796875,
        17,
        18.0,
        411.40185546875,
        16,
        19.0,
        417.0582275390625,
        17,
        21.350830078125,
        420.7017822265625,
        17,
        22.34912109375,
        424.6983642578125,
        17,
        22.0,
        429.7015380859375,
        17,
        22.0,
        433.7005615234375,
        17,
        22.0,
        434.5,
        17,
        22.0,
        433.0,
        17,
        22.0,
        432.0,
        9,
        22.0,
        432.0,
        0
      ]
    },
    {
      "time": 965,
      "duration": 313,
      "stroke": [
        0.0,
        19.0,
        0,
        0.0,
        19.0,
        33,
        0.0,
        19.0,
        17,
        0.0,
        19.0,
        34,
        0.0,
        19.0,
        17,
        0.0,
        19.0,
        17,
        0.0,
        19.0,
        17,
        20.55712890625,
        12.3607177734375,
        17,
        40.202880859375,
        14.32025146484375,
        17,
        66.046875,
        15.0,
        17,
        94.630859375,
        13.669189453125,
        17,
        120.084228515625,
        9.3193359375,
        17,
        144.00244140625,
        5.33294677734375,
        16,
        163.878662109375,
        0.36029052734375,
        17,
        175.910400390625,
        0.0,
        17,
        185.6689453125,
        0.0,
        17,
        191.999267578125,
        0.0,
        17,
        193.0,
        0.0,
        9,
        193.0,
        0.0,
        0
      ]
    },
    {
      "time": 1686,
      "duration": 203,
      "stroke": [
        36.0,
        190.0,
        0,
        36.0,
        190.0,
        25,
        36.0,
        190.0,
        16,
        36.0,
        190.0,
        17,
        48.298583984375,
        195.466064453125,
        34,
        66.369140625,
        198.37432861328125,
        17,
        88.492431640625,
        199.0,
        17,
        112.49609375,
        195.25067138671875,
        17,
        132.732177734375,
        191.25360107421875,
        17,
        154.740234375,
        187.251953125,
        17,
        167.237548828125,
        184.6270751953125,
        17,
        170.0,
        184.0,
        8,
        170.0,
        184.0,
        1
      ]
    }
  ]
}