{
  "type": "glyphdata",
  "tutorid": "no_tutor",
  "tag": "no_tag",
  "version": "1.0.0",
  "time": "Aug 20, 2016 9:57:00 PM",
  "duration": 761,
  "recognizer": "SHAPEREC_ALPHANUM",
  "constraint": "",
  "stim": "i",
  "resp": "i",
  "gBounds": [
    228.0,
    147.0,
    322.0,
    458.3653564453125
  ],
  "fBounds": [
    240.0,
    213.0,
    240.0,
    213.0
  ],
  "vBounds": [
    0,
    0,
    542,
    637
  ],
  "vOffset": [
    228.0,
    147.0
  ],
  "gBase": 315.0,
  "fBase": 249.0,
  "strokes": [
    {
      "time": 1471729799025,
      "duration": 694,
      "stroke": [
        12.0,
        66.0,
        0,
        12.0,
        66.0,
        24,
        12.0,
        66.0,
        17,
        12.0,
        66.0,
        17,
        12.0,
        66.0,
        33,
        8.62841796875,
        82.229248046875,
        51,
        6.624755859375,
        91.87628173828125,
        17,
        4.626220703125,
        101.869140625,
        17,
        2.631591796875,
        112.841796875,
        17,
        3.0,
        125.21075439453125,
        17,
        3.0,
        138.20556640625,
        17,
        3.0,
        150.21112060546875,
        17,
        1.630859375,
        164.953369140625,
        17,
        1.0,
        180.92694091796875,
        17,
        0.0,
        196.59356689453125,
        17,
        0.0,
        211.57293701171875,
        17,
        1.0,
        224.194091796875,
        19,
        2.3681640625,
        236.20880126953125,
        15,
        3.0,
        245.8294677734375,
        17,
        4.0,
        255.85791015625,
        17,
        6.3662109375,
        270.564208984375,
        17,
        9.72900390625,
        283.187255859375,
        17,
        12.7431640625,
        291.486572265625,
        17,
        16.739013671875,
        298.108642578125,
        16,
        20.7412109375,
        301.7413330078125,
        17,
        26.111083984375,
        305.74072265625,
        17,
        33.47998046875,
        309.739990234375,
        17,
        43.826904296875,
        311.3653564453125,
        17,
        54.841552734375,
        311.0,
        18,
        62.482421875,
        307.2587890625,
        16,
        70.459228515625,
        301.905517578125,
        17,
        78.478271484375,
        294.521728515625,
        17,
        84.109619140625,
        286.5205078125,
        17,
        88.733642578125,
        279.899658203125,
        17,
        91.3671875,
        275.2657470703125,
        17,
        93.3681640625,
        271.263671875,
        17,
        94.0,
        268.6322021484375,
        17,
        94.0,
        266.630859375,
        17,
        94.0,
        266.0,
        8,
        94.0,
        266.0,
        1
      ]
    },
    {
      "time": 1118,
      "duration": 67,
      "stroke": [
        16.0,
        0.0,
        0,
        16.0,
        0.0,
        41,
        16.0,
        0.0,
        17,
        16.0,
        0.0,
        9
      ]
    }
  ]
}