{
  "type": "glyphdata",
  "tutorid": "no_tutor",
  "tag": "no_tag",
  "version": "1.0.0",
  "time": "Aug 20, 2016 9:56:45 PM",
  "duration": 523,
  "recognizer": "SHAPEREC_ALPHANUM",
  "constraint": "",
  "stim": "x",
  "resp": "x",
  "gBounds": [
    145.0,
    231.0,
    356.0,
    466.0
  ],
  "fBounds": [
    176.0,
    231.0,
    176.0,
    231.0
  ],
  "vBounds": [
    0,
    0,
    542,
    637
  ],
  "vOffset": [
    145.0,
    231.0
  ],
  "gBase": 231.0,
  "fBase": 231.0,
  "strokes": [
    {
      "time": 1471729872924,
      "duration": 305,
      "stroke": [
        31.0,
        0.0,
        0,
        31.0,
        0.0,
        25,
        31.0,
        0.0,
        17,
        31.0,
        0.0,
        17,
        31.0,
        0.0,
        17,
        31.0,
        0.0,
        17,
        31.0,
        0.0,
        17,
        48.71728515625,
        21.49359130859375,
        17,
        62.721923828125,
        44.66619873046875,
        17,
        74.323974609375,
        70.0352783203125,
        17,
        87.7449951171875,
        98.49005126953125,
        17,
        105.5142822265625,
        117.90478515625,
        17,
        125.844970703125,
        136.844970703125,
        17,
        150.643798828125,
        155.4827880859375,
        17,
        167.0941162109375,
        168.3206787109375,
        16,
        178.322509765625,
        178.9354248046875,
        17,
        186.5494384765625,
        191.32421875,
        17,
        192.1492919921875,
        199.532470703125,
        17,
        193.0,
        201.0,
        9,
        193.0,
        201.0,
        0
      ]
    },
    {
      "time": 536,
      "duration": 218,
      "stroke": [
        211.0,
        4.0,
        0,
        211.0,
        4.0,
        49,
        198.594482421875,
        16.40557861328125,
        16,
        175.498779296875,
        39.50115966796875,
        17,
        151.4774169921875,
        65.52264404296875,
        17,
        117.631103515625,
        98.9942626953125,
        17,
        85.8985595703125,
        132.46038818359375,
        17,
        55.713623046875,
        163.6640625,
        17,
        29.1475830078125,
        198.345458984375,
        17,
        10.6270751953125,
        221.1224365234375,
        17,
        2.51483154296875,
        231.8564453125,
        17,
        0.0,
        235.0,
        17,
        0.0,
        235.0,
        0
      ]
    }
  ]
}