{
  "type": "glyphdata",
  "tutorid": "no_tutor",
  "tag": "no_tag",
  "version": "1.0.0",
  "time": "Aug 20, 2016 9:56:03 PM",
  "duration": 907,
  "recognizer": "SHAPEREC_ALPHANUM",
  "constraint": "",
  "stim": "+",
  "resp": "+",
  "gBounds": [
    155.0,
    98.0,
    382.0,
    397.0
  ],
  "fBounds": [
    155.0,
    236.0,
    155.0,
    236.0
  ],
  "vBounds": [
    0,
    0,
    542,
    637
  ],
  "vOffset": [
    155.0,
    98.0
  ],
  "gBase": 364.0,
  "fBase": 226.0,
  "strokes": [
    {
      "time": 1471730116559,
      "duration": 492,
      "stroke": [
        0.0,
        138.0,
        0,
        0.0,
        138.0,
        25,
        0.0,
        138.0,
        17,
        0.0,
        138.0,
        17,
        0.0,
        138.0,
        17,
        0.0,
        138.0,
        34,
        0.0,
        138.0,
        17,
        0.0,
        138.0,
        17,
        0.0,
        138.0,
        17,
        0.0,
        138.0,
        17,
        0.0,
        138.0,
        16,
        0.0,
        138.0,
        17,
        0.0,
        138.0,
        17,
        19.63916015625,
        142.6597900390625,
        17,
        39.2264404296875,
        145.3226318359375,
        17,
        63.96044921875,
        147.33001708984375,
        17,
        84.553955078125,
        148.32305908203125,
        17,
        110.2574462890625,
        149.3275146484375,
        17,
        130.249267578125,
        150.324951171875,
        17,
        152.8489990234375,
        150.0,
        17,
        171.9185791015625,
        150.0,
        17,
        188.56689453125,
        148.67913818359375,
        17,
        201.191162109375,
        146.63482666015625,
        17,
        210.8304443359375,
        144.6339111328125,
        17,
        217.093994140625,
        142.63531494140625,
        17,
        221.7335205078125,
        143.0,
        17,
        224.3671875,
        143.0,
        17,
        226.3641357421875,
        143.0,
        17,
        227.0,
        143.0,
        8,
        227.0,
        143.0,
        1
      ]
    },
    {
      "time": 840,
      "duration": 415,
      "stroke": [
        110.0,
        0.0,
        0,
        110.0,
        0.0,
        33,
        110.0,
        0.0,
        17,
        110.0,
        0.0,
        17,
        110.0,
        0.0,
        17,
        110.0,
        0.0,
        34,
        107.6185302734375,
        9.5260009765625,
        17,
        103.2257080078125,
        31.87139892578125,
        17,
        101.6148681640625,
        52.85113525390625,
        17,
        98.611572265625,
        81.4375,
        17,
        95.224365234375,
        107.42913818359375,
        17,
        95.0,
        140.20819091796875,
        17,
        96.38330078125,
        176.28369140625,
        17,
        99.771240234375,
        207.16998291015625,
        17,
        104.7728271484375,
        236.40972900390625,
        16,
        108.766845703125,
        259.60101318359375,
        17,
        112.7725830078125,
        278.47686767578125,
        17,
        114.384033203125,
        288.91986083984375,
        17,
        116.3824462890625,
        295.147216796875,
        17,
        118.388427734375,
        297.388427734375,
        17,
        120.38232421875,
        299.0,
        18,
        121.0,
        299.0,
        16,
        121.0,
        299.0,
        17,
        121.0,
        299.0,
        8,
        121.0,
        299.0,
        1
      ]
    }
  ]
}